Тип строки,Наименование,Наименование артикула,Код артикула,Валюта,ID артикула,Цена,Доступен для заказа,Зачеркнутая цена,Закупочная цена,В наличии,ID товара,Краткое описание,Описание,Наклейка,Статус,Выбор вариантов товара,Тип товаров,Теги,Облагается налогом,Заголовок,META Keywords,META Description,Ссылка на витрину,Адрес видео на YouTube или Vimeo,Дополнительные параметры,Изображения товаров,Цвет,Материал,Высота,Толщина,Ширина
product_variant,Арка Эллада,Эл-2П-7,1,RUB,,3920,1,0,0,1000,,,,,,,,,,,,,,,,https://lesmastyle.ru/files/shop/arki/ellada/mdf_preview.jpg,МДФ,,2150,200-500,700-1300 со сводорасширителем
product_variant,Арка Эллада,Эл-2П-3,2,RUB,,3220,1,0,0,1000,,,,,,,,,,,,,,,,https://lesmastyle.ru/files/shop/arki/ellada/mdf_preview.jpg,МДФ,,2150,190,700-1300 со сводорасширителем
product_variant,Арка Эллада,Эл-2П-11,3,RUB,,4900,1,0,0,1000,,,,,,,,,,,,,,,,https://lesmastyle.ru/files/shop/arki/ellada/mdf_preview.jpg,МДФ,,2150,510-900,700-1300 со сводорасширителем
product_variant,Арка Эллада,Эл-2П-8,4,RUB,,4200,1,0,0,1000,,,,,,,,,,,,,,,,https://lesmastyle.ru/files/shop/arki/ellada/mdf_preview.jpg,МДФ,,2150,200-500,700-1700 со сводорасширителем
product_variant,Арка Эллада,Эл-2П-4,5,RUB,,3500,1,0,0,1000,,,,,,,,,,,,,,,,https://lesmastyle.ru/files/shop/arki/ellada/mdf_preview.jpg,МДФ,,2150,190,700-1700 со сводорасширителем
product_variant,Арка Эллада,Эл-2П-12,6,RUB,,5180,1,0,0,1000,,,,,,,,,,,,,,,,https://lesmastyle.ru/files/shop/arki/ellada/mdf_preview.jpg,МДФ,,2150,510-900,700-1700 со сводорасширителем
product_variant,Арка Эллада,Эл-2П-5,7,RUB,,3920,1,0,0,1000,,,,,,,,,,,,,,,,https://lesmastyle.ru/files/shop/arki/ellada/mdf_preview.jpg,МДФ,,2150,200-500,800-900
product_variant,Арка Эллада,Эл-2П-1,8,RUB,,3220,1,0,0,1000,,,,,,,,,,,,,,,,https://lesmastyle.ru/files/shop/arki/ellada/mdf_preview.jpg,МДФ,,2150,190,800-900
product_variant,Арка Эллада,Эл-2П-9,9,RUB,,4900,1,0,0,1000,,,,,,,,,,,,,,,,https://lesmastyle.ru/files/shop/arki/ellada/mdf_preview.jpg,МДФ,,2150,510-900,800-900
product_variant,Арка Эллада,Эл-2П-6,10,RUB,,3920,1,0,0,1000,,,,,,,,,,,,,,,,https://lesmastyle.ru/files/shop/arki/ellada/mdf_preview.jpg,МДФ,,2150,200-500,900-1000
product_variant,Арка Эллада,Эл-2П-2,11,RUB,,3220,1,0,0,1000,,,,,,,,,,,,,,,,https://lesmastyle.ru/files/shop/arki/ellada/mdf_preview.jpg,МДФ,,2150,190,900-1000
product_variant,Арка Эллада,Эл-2П-10,12,RUB,,4900,1,0,0,1000,,,,,,,,,,,,,,,,https://lesmastyle.ru/files/shop/arki/ellada/mdf_preview.jpg,МДФ,,2150,510-900,900-1000
product_variant,Арка Эллада,Эл-2П-19,13,RUB,,4060,1,0,0,1000,,,,,,,,,,,,,,,,https://lesmastyle.ru/files/shop/arki/ellada/mdf_preview.jpg,МДФ,,2450,200-500,700-1300 со сводорасширителем
product_variant,Арка Эллада,Эл-2П-15,14,RUB,,3360,1,0,0,1000,,,,,,,,,,,,,,,,https://lesmastyle.ru/files/shop/arki/ellada/mdf_preview.jpg,МДФ,,2450,190,700-1300 со сводорасширителем
product_variant,Арка Эллада,Эл-2П-23,15,RUB,,5040,1,0,0,1000,,,,,,,,,,,,,,,,https://lesmastyle.ru/files/shop/arki/ellada/mdf_preview.jpg,МДФ,,2450,510-900,700-1300 со сводорасширителем
product_variant,Арка Эллада,Эл-2П-20,16,RUB,,4340,1,0,0,1000,,,,,,,,,,,,,,,,https://lesmastyle.ru/files/shop/arki/ellada/mdf_preview.jpg,МДФ,,2450,200-500,700-1700 со сводорасширителем
product_variant,Арка Эллада,Эл-2П-16,17,RUB,,3640,1,0,0,1000,,,,,,,,,,,,,,,,https://lesmastyle.ru/files/shop/arki/ellada/mdf_preview.jpg,МДФ,,2450,190,700-1700 со сводорасширителем
product_variant,Арка Эллада,Эл-2П-24,18,RUB,,5320,1,0,0,1000,,,,,,,,,,,,,,,,https://lesmastyle.ru/files/shop/arki/ellada/mdf_preview.jpg,МДФ,,2450,510-900,700-1700 со сводорасширителем
product_variant,Арка Эллада,Эл-2П-17,19,RUB,,4060,1,0,0,1000,,,,,,,,,,,,,,,,https://lesmastyle.ru/files/shop/arki/ellada/mdf_preview.jpg,МДФ,,2450,200-500,800-900
product_variant,Арка Эллада,Эл-2П-13,20,RUB,,3360,1,0,0,1000,,,,,,,,,,,,,,,,https://lesmastyle.ru/files/shop/arki/ellada/mdf_preview.jpg,МДФ,,2450,190,800-900
product_variant,Арка Эллада,Эл-2П-21,21,RUB,,5040,1,0,0,1000,,,,,,,,,,,,,,,,https://lesmastyle.ru/files/shop/arki/ellada/mdf_preview.jpg,МДФ,,2450,510-900,800-900
product_variant,Арка Эллада,Эл-2П-18,22,RUB,,4060,1,0,0,1000,,,,,,,,,,,,,,,,https://lesmastyle.ru/files/shop/arki/ellada/mdf_preview.jpg,МДФ,,2450,200-500,900-1000
product_variant,Арка Эллада,Эл-2П-14,23,RUB,,3360,1,0,0,1000,,,,,,,,,,,,,,,,https://lesmastyle.ru/files/shop/arki/ellada/mdf_preview.jpg,МДФ,,2450,190,900-1000
product_variant,Арка Эллада,Эл-2П-22,24,RUB,,5040,1,0,0,1000,,,,,,,,,,,,,,,,https://lesmastyle.ru/files/shop/arki/ellada/mdf_preview.jpg,МДФ,,2450,510-900,900-1000
product_variant,Арка Эллада,Эл-2П-31,25,RUB,,4340,1,0,0,1000,,,,,,,,,,,,,,,,https://lesmastyle.ru/files/shop/arki/ellada/mdf_preview.jpg,МДФ,,2650,200-500,700-1300 со сводорасширителем
product_variant,Арка Эллада,Эл-2П-27,26,RUB,,3640,1,0,0,1000,,,,,,,,,,,,,,,,https://lesmastyle.ru/files/shop/arki/ellada/mdf_preview.jpg,МДФ,,2650,190,700-1300 со сводорасширителем
product_variant,Арка Эллада,Эл-2П-35,27,RUB,,5320,1,0,0,1000,,,,,,,,,,,,,,,,https://lesmastyle.ru/files/shop/arki/ellada/mdf_preview.jpg,МДФ,,2650,510-900,700-1300 со сводорасширителем
product_variant,Арка Эллада,Эл-2П-32,28,RUB,,4620,1,0,0,1000,,,,,,,,,,,,,,,,https://lesmastyle.ru/files/shop/arki/ellada/mdf_preview.jpg,МДФ,,2650,200-500,700-1700 со сводорасширителем
product_variant,Арка Эллада,Эл-2П-28,29,RUB,,3920,1,0,0,1000,,,,,,,,,,,,,,,,https://lesmastyle.ru/files/shop/arki/ellada/mdf_preview.jpg,МДФ,,2650,190,700-1700 со сводорасширителем
product_variant,Арка Эллада,Эл-2П-36,30,RUB,,5600,1,0,0,1000,,,,,,,,,,,,,,,,https://lesmastyle.ru/files/shop/arki/ellada/mdf_preview.jpg,МДФ,,2650,510-900,700-1700 со сводорасширителем
product_variant,Арка Эллада,Эл-2П-29,31,RUB,,4340,1,0,0,1000,,,,,,,,,,,,,,,,https://lesmastyle.ru/files/shop/arki/ellada/mdf_preview.jpg,МДФ,,2650,200-500,800-900
product_variant,Арка Эллада,Эл-2П-25,32,RUB,,3640,1,0,0,1000,,,,,,,,,,,,,,,,https://lesmastyle.ru/files/shop/arki/ellada/mdf_preview.jpg,МДФ,,2650,190,800-900
product_variant,Арка Эллада,Эл-2П-33,33,RUB,,5320,1,0,0,1000,,,,,,,,,,,,,,,,https://lesmastyle.ru/files/shop/arki/ellada/mdf_preview.jpg,МДФ,,2650,510-900,800-900
product_variant,Арка Эллада,Эл-2П-30,34,RUB,,4340,1,0,0,1000,,,,,,,,,,,,,,,,https://lesmastyle.ru/files/shop/arki/ellada/mdf_preview.jpg,МДФ,,2650,200-500,900-1000
product_variant,Арка Эллада,Эл-2П-26,35,RUB,,3640,1,0,0,1000,,,,,,,,,,,,,,,,https://lesmastyle.ru/files/shop/arki/ellada/mdf_preview.jpg,МДФ,,2650,190,900-1000
product_variant,Арка Эллада,Эл-2П-34,36,RUB,,5320,1,0,0,1000,,,,,,,,,,,,,,,,https://lesmastyle.ru/files/shop/arki/ellada/mdf_preview.jpg,МДФ,,2650,510-900,900-1000
product_variant,Арка Эллада,Эл-2П-БЯ-7,37,RUB,,7280,1,0,0,1000,,,,,,,,,,,,,,,,https://lesmastyle.ru/files/shop/arki/ellada/belyj-yasen_preview.jpg,Белый ясень,,2150,200-390,700-1300 со сводорасширителем
product_variant,Арка Эллада,Эл-2П-БЯ-11,38,RUB,,7560,1,0,0,1000,,,,,,,,,,,,,,,,https://lesmastyle.ru/files/shop/arki/ellada/belyj-yasen_preview.jpg,Белый ясень,,2150,400-590,700-1300 со сводорасширителем
product_variant,Арка Эллада,Эл-2П-БЯ-3,39,RUB,,6440,1,0,0,1000,,,,,,,,,,,,,,,,https://lesmastyle.ru/files/shop/arki/ellada/belyj-yasen_preview.jpg,Белый ясень,,2150,190,700-1300 со сводорасширителем
product_variant,Арка Эллада,Эл-2П-БЯ-8,40,RUB,,7980,1,0,0,1000,,,,,,,,,,,,,,,,https://lesmastyle.ru/files/shop/arki/ellada/belyj-yasen_preview.jpg,Белый ясень,,2150,200-390,700-1700 со сводорасширителем
product_variant,Арка Эллада,Эл-2П-БЯ-12,41,RUB,,8260,1,0,0,1000,,,,,,,,,,,,,,,,https://lesmastyle.ru/files/shop/arki/ellada/belyj-yasen_preview.jpg,Белый ясень,,2150,400-590,700-1700 со сводорасширителем
product_variant,Арка Эллада,Эл-2П-БЯ-4,42,RUB,,7140,1,0,0,1000,,,,,,,,,,,,,,,,https://lesmastyle.ru/files/shop/arki/ellada/belyj-yasen_preview.jpg,Белый ясень,,2150,190,700-1700 со сводорасширителем
product_variant,Арка Эллада,Эл-2П-БЯ-5,43,RUB,,7280,1,0,0,1000,,,,,,,,,,,,,,,,https://lesmastyle.ru/files/shop/arki/ellada/belyj-yasen_preview.jpg,Белый ясень,,2150,200-390,800-900
product_variant,Арка Эллада,Эл-2П-БЯ-9,44,RUB,,7560,1,0,0,1000,,,,,,,,,,,,,,,,https://lesmastyle.ru/files/shop/arki/ellada/belyj-yasen_preview.jpg,Белый ясень,,2150,400-590,800-900
product_variant,Арка Эллада,Эл-2П-БЯ-1,45,RUB,,6440,1,0,0,1000,,,,,,,,,,,,,,,,https://lesmastyle.ru/files/shop/arki/ellada/belyj-yasen_preview.jpg,Белый ясень,,2150,190,800-900
product_variant,Арка Эллада,Эл-2П-БЯ-6,46,RUB,,7280,1,0,0,1000,,,,,,,,,,,,,,,,https://lesmastyle.ru/files/shop/arki/ellada/belyj-yasen_preview.jpg,Белый ясень,,2150,200-390,900-1000
product_variant,Арка Эллада,Эл-2П-БЯ-10,47,RUB,,7560,1,0,0,1000,,,,,,,,,,,,,,,,https://lesmastyle.ru/files/shop/arki/ellada/belyj-yasen_preview.jpg,Белый ясень,,2150,400-590,900-1000
product_variant,Арка Эллада,Эл-2П-БЯ-2,48,RUB,,6440,1,0,0,1000,,,,,,,,,,,,,,,,https://lesmastyle.ru/files/shop/arki/ellada/belyj-yasen_preview.jpg,Белый ясень,,2150,190,900-1000
product_variant,Арка Эллада,Эл-2П-БЯ-19,49,RUB,,7840,1,0,0,1000,,,,,,,,,,,,,,,,https://lesmastyle.ru/files/shop/arki/ellada/belyj-yasen_preview.jpg,Белый ясень,,2450,200-390,700-1300 со сводорасширителем
product_variant,Арка Эллада,Эл-2П-БЯ-23,50,RUB,,8120,1,0,0,1000,,,,,,,,,,,,,,,,https://lesmastyle.ru/files/shop/arki/ellada/belyj-yasen_preview.jpg,Белый ясень,,2450,400-590,700-1300 со сводорасширителем
product_variant,Арка Эллада,Эл-2П-БЯ-15,51,RUB,,7000,1,0,0,1000,,,,,,,,,,,,,,,,https://lesmastyle.ru/files/shop/arki/ellada/belyj-yasen_preview.jpg,Белый ясень,,2450,190,700-1300 со сводорасширителем
product_variant,Арка Эллада,Эл-2П-БЯ-20,52,RUB,,8540,1,0,0,1000,,,,,,,,,,,,,,,,https://lesmastyle.ru/files/shop/arki/ellada/belyj-yasen_preview.jpg,Белый ясень,,2450,200-390,700-1700 со сводорасширителем
product_variant,Арка Эллада,Эл-2П-БЯ-24,53,RUB,,8820,1,0,0,1000,,,,,,,,,,,,,,,,https://lesmastyle.ru/files/shop/arki/ellada/belyj-yasen_preview.jpg,Белый ясень,,2450,400-590,700-1700 со сводорасширителем
product_variant,Арка Эллада,Эл-2П-БЯ-16,54,RUB,,7700,1,0,0,1000,,,,,,,,,,,,,,,,https://lesmastyle.ru/files/shop/arki/ellada/belyj-yasen_preview.jpg,Белый ясень,,2450,190,700-1700 со сводорасширителем
product_variant,Арка Эллада,Эл-2П-БЯ-17,55,RUB,,7840,1,0,0,1000,,,,,,,,,,,,,,,,https://lesmastyle.ru/files/shop/arki/ellada/belyj-yasen_preview.jpg,Белый ясень,,2450,200-390,800-900
product_variant,Арка Эллада,Эл-2П-БЯ-21,56,RUB,,8120,1,0,0,1000,,,,,,,,,,,,,,,,https://lesmastyle.ru/files/shop/arki/ellada/belyj-yasen_preview.jpg,Белый ясень,,2450,400-590,800-900
product_variant,Арка Эллада,Эл-2П-БЯ-13,57,RUB,,7000,1,0,0,1000,,,,,,,,,,,,,,,,https://lesmastyle.ru/files/shop/arki/ellada/belyj-yasen_preview.jpg,Белый ясень,,2450,190,800-900
product_variant,Арка Эллада,Эл-2П-БЯ-18,58,RUB,,7840,1,0,0,1000,,,,,,,,,,,,,,,,https://lesmastyle.ru/files/shop/arki/ellada/belyj-yasen_preview.jpg,Белый ясень,,2450,200-390,900-1000
product_variant,Арка Эллада,Эл-2П-БЯ-22,59,RUB,,8120,1,0,0,1000,,,,,,,,,,,,,,,,https://lesmastyle.ru/files/shop/arki/ellada/belyj-yasen_preview.jpg,Белый ясень,,2450,400-590,900-1000
product_variant,Арка Эллада,Эл-2П-БЯ-14,60,RUB,,7000,1,0,0,1000,,,,,,,,,,,,,,,,https://lesmastyle.ru/files/shop/arki/ellada/belyj-yasen_preview.jpg,Белый ясень,,2450,190,900-1000
product_variant,Арка Эллада,Эл-2П-ДА-7,61,RUB,,7280,1,0,0,1000,,,,,,,,,,,,,,,,https://lesmastyle.ru/files/shop/arki/ellada/dub-antik_preview.jpg,Дуб антик,,2150,200-390,700-1300 со сводорасширителем
product_variant,Арка Эллада,Эл-2П-ДА-11,62,RUB,,7560,1,0,0,1000,,,,,,,,,,,,,,,,https://lesmastyle.ru/files/shop/arki/ellada/dub-antik_preview.jpg,Дуб антик,,2150,400-590,700-1300 со сводорасширителем
product_variant,Арка Эллада,Эл-2П-ДА-3,63,RUB,,6440,1,0,0,1000,,,,,,,,,,,,,,,,https://lesmastyle.ru/files/shop/arki/ellada/dub-antik_preview.jpg,Дуб антик,,2150,190,700-1300 со сводорасширителем
product_variant,Арка Эллада,Эл-2П-ДА-8,64,RUB,,7980,1,0,0,1000,,,,,,,,,,,,,,,,https://lesmastyle.ru/files/shop/arki/ellada/dub-antik_preview.jpg,Дуб антик,,2150,200-390,700-1700 со сводорасширителем
product_variant,Арка Эллада,Эл-2П-ДА-12,65,RUB,,8260,1,0,0,1000,,,,,,,,,,,,,,,,https://lesmastyle.ru/files/shop/arki/ellada/dub-antik_preview.jpg,Дуб антик,,2150,400-590,700-1700 со сводорасширителем
product_variant,Арка Эллада,Эл-2П-ДА-4,66,RUB,,7140,1,0,0,1000,,,,,,,,,,,,,,,,https://lesmastyle.ru/files/shop/arki/ellada/dub-antik_preview.jpg,Дуб антик,,2150,190,700-1700 со сводорасширителем
product_variant,Арка Эллада,Эл-2П-ДА-5,67,RUB,,7280,1,0,0,1000,,,,,,,,,,,,,,,,https://lesmastyle.ru/files/shop/arki/ellada/dub-antik_preview.jpg,Дуб антик,,2150,200-390,800-900
product_variant,Арка Эллада,Эл-2П-ДА-9,68,RUB,,7560,1,0,0,1000,,,,,,,,,,,,,,,,https://lesmastyle.ru/files/shop/arki/ellada/dub-antik_preview.jpg,Дуб антик,,2150,400-590,800-900
product_variant,Арка Эллада,Эл-2П-ДА-1,69,RUB,,6440,1,0,0,1000,,,,,,,,,,,,,,,,https://lesmastyle.ru/files/shop/arki/ellada/dub-antik_preview.jpg,Дуб антик,,2150,190,800-900
product_variant,Арка Эллада,Эл-2П-ДА-6,70,RUB,,7280,1,0,0,1000,,,,,,,,,,,,,,,,https://lesmastyle.ru/files/shop/arki/ellada/dub-antik_preview.jpg,Дуб антик,,2150,200-390,900-1000
product_variant,Арка Эллада,Эл-2П-ДА-10,71,RUB,,7560,1,0,0,1000,,,,,,,,,,,,,,,,https://lesmastyle.ru/files/shop/arki/ellada/dub-antik_preview.jpg,Дуб антик,,2150,400-590,900-1000
product_variant,Арка Эллада,Эл-2П-ДА-2,72,RUB,,6440,1,0,0,1000,,,,,,,,,,,,,,,,https://lesmastyle.ru/files/shop/arki/ellada/dub-antik_preview.jpg,Дуб антик,,2150,190,900-1000
product_variant,Арка Эллада,Эл-2П-ДА-15,73,RUB,,7000,1,0,0,1000,,,,,,,,,,,,,,,,https://lesmastyle.ru/files/shop/arki/ellada/dub-antik_preview.jpg,Дуб антик,,2450,200-390,700-1300 со сводорасширителем
product_variant,Арка Эллада,Эл-2П-БД-7,74,RUB,,7280,1,0,0,1000,,,,,,,,,,,,,,,,https://lesmastyle.ru/files/shop/arki/ellada/belenyj-dub_preview.jpg,Беленый дуб,,2150,200-390,700-1300 со сводорасширителем
product_variant,Арка Эллада,Эл-2П-БД-11,75,RUB,,7560,1,0,0,1000,,,,,,,,,,,,,,,,https://lesmastyle.ru/files/shop/arki/ellada/belenyj-dub_preview.jpg,Беленый дуб,,2150,400-590,700-1300 со сводорасширителем
product_variant,Арка Эллада,Эл-2П-БД-3,76,RUB,,6440,1,0,0,1000,,,,,,,,,,,,,,,,https://lesmastyle.ru/files/shop/arki/ellada/belenyj-dub_preview.jpg,Беленый дуб,,2150,190,700-1300 со сводорасширителем
product_variant,Арка Эллада,Эл-2П-БД-8,77,RUB,,7980,1,0,0,1000,,,,,,,,,,,,,,,,https://lesmastyle.ru/files/shop/arki/ellada/belenyj-dub_preview.jpg,Беленый дуб,,2150,200-390,700-1700 со сводорасширителем
product_variant,Арка Эллада,Эл-2П-БД-12,78,RUB,,8260,1,0,0,1000,,,,,,,,,,,,,,,,https://lesmastyle.ru/files/shop/arki/ellada/belenyj-dub_preview.jpg,Беленый дуб,,2150,400-590,700-1700 со сводорасширителем
product_variant,Арка Эллада,Эл-2П-БД-4,79,RUB,,7140,1,0,0,1000,,,,,,,,,,,,,,,,https://lesmastyle.ru/files/shop/arki/ellada/belenyj-dub_preview.jpg,Беленый дуб,,2150,190,700-1700 со сводорасширителем
product_variant,Арка Эллада,Эл-2П-БД-5,80,RUB,,7280,1,0,0,1000,,,,,,,,,,,,,,,,https://lesmastyle.ru/files/shop/arki/ellada/belenyj-dub_preview.jpg,Беленый дуб,,2150,200-390,800-900
product_variant,Арка Эллада,Эл-2П-БД-9,81,RUB,,7560,1,0,0,1000,,,,,,,,,,,,,,,,https://lesmastyle.ru/files/shop/arki/ellada/belenyj-dub_preview.jpg,Беленый дуб,,2150,400-590,800-900
product_variant,Арка Эллада,Эл-2П-БД-1,82,RUB,,6440,1,0,0,1000,,,,,,,,,,,,,,,,https://lesmastyle.ru/files/shop/arki/ellada/belenyj-dub_preview.jpg,Беленый дуб,,2150,190,800-900
product_variant,Арка Эллада,Эл-2П-БД-6,83,RUB,,7280,1,0,0,1000,,,,,,,,,,,,,,,,https://lesmastyle.ru/files/shop/arki/ellada/belenyj-dub_preview.jpg,Беленый дуб,,2150,200-390,900-1000
product_variant,Арка Эллада,Эл-2П-БД-10,84,RUB,,7560,1,0,0,1000,,,,,,,,,,,,,,,,https://lesmastyle.ru/files/shop/arki/ellada/belenyj-dub_preview.jpg,Беленый дуб,,2150,400-590,900-1000
product_variant,Арка Эллада,Эл-2П-БД-2,85,RUB,,6440,1,0,0,1000,,,,,,,,,,,,,,,,https://lesmastyle.ru/files/shop/arki/ellada/belenyj-dub_preview.jpg,Беленый дуб,,2150,190,900-1000
product_variant,Арка Эллада,Эл-2П-БД-19,86,RUB,,7840,1,0,0,1000,,,,,,,,,,,,,,,,https://lesmastyle.ru/files/shop/arki/ellada/belenyj-dub_preview.jpg,Беленый дуб,,2450,200-390,700-1300 со сводорасширителем
product_variant,Арка Эллада,Эл-2П-БД-23,87,RUB,,8120,1,0,0,1000,,,,,,,,,,,,,,,,https://lesmastyle.ru/files/shop/arki/ellada/belenyj-dub_preview.jpg,Беленый дуб,,2450,400-590,700-1300 со сводорасширителем
product_variant,Арка Эллада,Эл-2П-БД-15,88,RUB,,7000,1,0,0,1000,,,,,,,,,,,,,,,,https://lesmastyle.ru/files/shop/arki/ellada/belenyj-dub_preview.jpg,Беленый дуб,,2450,190,700-1300 со сводорасширителем
product_variant,Арка Эллада,Эл-2П-БД-20,89,RUB,,8540,1,0,0,1000,,,,,,,,,,,,,,,,https://lesmastyle.ru/files/shop/arki/ellada/belenyj-dub_preview.jpg,Беленый дуб,,2450,200-390,700-1700 со сводорасширителем
product_variant,Арка Эллада,Эл-2П-БД-24,90,RUB,,8820,1,0,0,1000,,,,,,,,,,,,,,,,https://lesmastyle.ru/files/shop/arki/ellada/belenyj-dub_preview.jpg,Беленый дуб,,2450,400-590,700-1700 со сводорасширителем
product_variant,Арка Эллада,Эл-2П-БД-16,91,RUB,,7700,1,0,0,1000,,,,,,,,,,,,,,,,https://lesmastyle.ru/files/shop/arki/ellada/belenyj-dub_preview.jpg,Беленый дуб,,2450,190,700-1700 со сводорасширителем
product_variant,Арка Эллада,Эл-2П-БД-17,92,RUB,,7840,1,0,0,1000,,,,,,,,,,,,,,,,https://lesmastyle.ru/files/shop/arki/ellada/belenyj-dub_preview.jpg,Беленый дуб,,2450,200-390,800-900
product_variant,Арка Эллада,Эл-2П-БД-21,93,RUB,,8120,1,0,0,1000,,,,,,,,,,,,,,,,https://lesmastyle.ru/files/shop/arki/ellada/belenyj-dub_preview.jpg,Беленый дуб,,2450,400-590,800-900
product_variant,Арка Эллада,Эл-2П-БД-13,94,RUB,,7000,1,0,0,1000,,,,,,,,,,,,,,,,https://lesmastyle.ru/files/shop/arki/ellada/belenyj-dub_preview.jpg,Беленый дуб,,2450,190,800-900
product_variant,Арка Эллада,Эл-2П-БД-18,95,RUB,,7840,1,0,0,1000,,,,,,,,,,,,,,,,https://lesmastyle.ru/files/shop/arki/ellada/belenyj-dub_preview.jpg,Беленый дуб,,2450,200-390,900-1000
product_variant,Арка Эллада,Эл-2П-БД-22,96,RUB,,8120,1,0,0,1000,,,,,,,,,,,,,,,,https://lesmastyle.ru/files/shop/arki/ellada/belenyj-dub_preview.jpg,Беленый дуб,,2450,400-590,900-1000
product_variant,Арка Эллада,Эл-2П-БД-14,97,RUB,,7000,1,0,0,1000,,,,,,,,,,,,,,,,https://lesmastyle.ru/files/shop/arki/ellada/belenyj-dub_preview.jpg,Беленый дуб,,2450,190,900-1000
product_variant,Арка Эллада,Эл-2П-БЭ-7,98,RUB,,7280,1,0,0,1000,,,,,,,,,,,,,,,,https://lesmastyle.ru/files/shop/arki/ellada/beloe-derevo_preview.jpg,Белое дерево,,2150,200-390,700-1300 со сводорасширителем
product_variant,Арка Эллада,Эл-2П-БЭ-11,99,RUB,,7560,1,0,0,1000,,,,,,,,,,,,,,,,https://lesmastyle.ru/files/shop/arki/ellada/beloe-derevo_preview.jpg,Белое дерево,,2150,400-590,700-1300 со сводорасширителем
product_variant,Арка Эллада,Эл-2П-БЭ-3,100,RUB,,6440,1,0,0,1000,,,,,,,,,,,,,,,,https://lesmastyle.ru/files/shop/arki/ellada/beloe-derevo_preview.jpg,Белое дерево,,2150,190,700-1300 со сводорасширителем
product_variant,Арка Эллада,Эл-2П-БЭ-8,101,RUB,,7980,1,0,0,1000,,,,,,,,,,,,,,,,https://lesmastyle.ru/files/shop/arki/ellada/beloe-derevo_preview.jpg,Белое дерево,,2150,200-390,700-1700 со сводорасширителем
product_variant,Арка Эллада,Эл-2П-БЭ-12,102,RUB,,8260,1,0,0,1000,,,,,,,,,,,,,,,,https://lesmastyle.ru/files/shop/arki/ellada/beloe-derevo_preview.jpg,Белое дерево,,2150,400-590,700-1700 со сводорасширителем
product_variant,Арка Эллада,Эл-2П-БЭ-4,103,RUB,,7140,1,0,0,1000,,,,,,,,,,,,,,,,https://lesmastyle.ru/files/shop/arki/ellada/beloe-derevo_preview.jpg,Белое дерево,,2150,190,700-1700 со сводорасширителем
product_variant,Арка Эллада,Эл-2П-БЭ-5,104,RUB,,7280,1,0,0,1000,,,,,,,,,,,,,,,,https://lesmastyle.ru/files/shop/arki/ellada/beloe-derevo_preview.jpg,Белое дерево,,2150,200-390,800-900
product_variant,Арка Эллада,Эл-2П-БЭ-9,105,RUB,,7560,1,0,0,1000,,,,,,,,,,,,,,,,https://lesmastyle.ru/files/shop/arki/ellada/beloe-derevo_preview.jpg,Белое дерево,,2150,400-590,800-900
product_variant,Арка Эллада,Эл-2П-БЭ-1,106,RUB,,6440,1,0,0,1000,,,,,,,,,,,,,,,,https://lesmastyle.ru/files/shop/arki/ellada/beloe-derevo_preview.jpg,Белое дерево,,2150,190,800-900
product_variant,Арка Эллада,Эл-2П-БЭ-6,107,RUB,,7280,1,0,0,1000,,,,,,,,,,,,,,,,https://lesmastyle.ru/files/shop/arki/ellada/beloe-derevo_preview.jpg,Белое дерево,,2150,200-390,900-1000
product_variant,Арка Эллада,Эл-2П-БЭ-10,108,RUB,,7560,1,0,0,1000,,,,,,,,,,,,,,,,https://lesmastyle.ru/files/shop/arki/ellada/beloe-derevo_preview.jpg,Белое дерево,,2150,400-590,900-1000
product_variant,Арка Эллада,Эл-2П-БЭ-2,109,RUB,,6440,1,0,0,1000,,,,,,,,,,,,,,,,https://lesmastyle.ru/files/shop/arki/ellada/beloe-derevo_preview.jpg,Белое дерево,,2150,190,900-1000
product_variant,Арка Эллада,Эл-2П-БЭ-19,110,RUB,,7840,1,0,0,1000,,,,,,,,,,,,,,,,https://lesmastyle.ru/files/shop/arki/ellada/beloe-derevo_preview.jpg,Белое дерево,,2450,200-390,700-1300 со сводорасширителем
product_variant,Арка Эллада,Эл-2П-БЭ-23,111,RUB,,8120,1,0,0,1000,,,,,,,,,,,,,,,,https://lesmastyle.ru/files/shop/arki/ellada/beloe-derevo_preview.jpg,Белое дерево,,2450,400-590,700-1300 со сводорасширителем
product_variant,Арка Эллада,Эл-2П-БЭ-15,112,RUB,,7000,1,0,0,1000,,,,,,,,,,,,,,,,https://lesmastyle.ru/files/shop/arki/ellada/beloe-derevo_preview.jpg,Белое дерево,,2450,190,700-1300 со сводорасширителем
product_variant,Арка Эллада,Эл-2П-БЭ-20,113,RUB,,8540,1,0,0,1000,,,,,,,,,,,,,,,,https://lesmastyle.ru/files/shop/arki/ellada/beloe-derevo_preview.jpg,Белое дерево,,2450,200-390,700-1700 со сводорасширителем
product_variant,Арка Эллада,Эл-2П-БЭ-24,114,RUB,,8820,1,0,0,1000,,,,,,,,,,,,,,,,https://lesmastyle.ru/files/shop/arki/ellada/beloe-derevo_preview.jpg,Белое дерево,,2450,400-590,700-1700 со сводорасширителем
product_variant,Арка Эллада,Эл-2П-БЭ-16,115,RUB,,7700,1,0,0,1000,,,,,,,,,,,,,,,,https://lesmastyle.ru/files/shop/arki/ellada/beloe-derevo_preview.jpg,Белое дерево,,2450,190,700-1700 со сводорасширителем
